Prefix,Class Number,Class Name,Credits
ACC,111,Intro to Accounting,3
ACC,124,Accounting Professionalism,3
ACC,131,Principles of Accounting I,4
ACC,132,Principles of Accounting II,4
ACC,161,Payroll Accounting,3
ACC,165,Payroll Certification Review,2
ACC,193,Accounting Procedures/Mgmt,3
ACC,202,Accounting Cycle,1
ACC,222,Cost Accounting,4
ACC,237,Intermediate Accounting,4
ACC,252,Gov’t & Nonprofit Accounting,4
ACC,265,Income Tax Accounting,4
ACC,268,Business Tax,3
ACC,281,Auditing,3
ACC,311,Computer Accounting,3
ACC,314,QuickBooks Accounting,3
ACC,315,Sage Computerized Accounting,3
ACC,353,Excel for Entrepreneurs,4
ACC,365,Accounting Spreadsheets/Datab,4
ACC,850,Tax Assistance Institute,3
ADM,105,Intro to Keyboarding,1
ADM,131,Office Calculators,1
ADM,147,Customer Service Health Care,3
ADM,154,Business Communication,3
ADM,157,Business English,3
ADM,162,Office Procedures,3
ADM,164,Administrative Office Appl,3
ADM,188,Project and Event Management,3
ADM,208,Legal Terminology,3
ADM,221,Career Development Skills,2
ADM,265,Supervised Practical Exp,2
ADM,269,Workplace Professionalism,3
ADM,936,Occupational Experience,3
ADM,937,Prof Office Careers Seminar,1
ADM,947,Professional Internship Exper,2
ASM,150,Communication with Elderly,1
ASM,155,Impact of Demographics,1
ASM,160,Aspects of Aging,1
ASM,165,Healthy Aging,1
ASM,180,Cultural Diversity,1
ASM,200,"Depression, Death & Grieving",1
ASM,238,Financial Management in AS,3
ASM,239,Info Systems in Healthcare,2
ASM,240,Practicum I: Social Services,1
ASM,241,Practicum II: Dietary,1
ASM,242,Practicum III: Legal Aspects and Government Organizations,1
ASM,243,Practicum IV: Nursing,1
ASM,244,Practicum V: Environmental Services,1
ASM,245,Practicum VI: Activities/Community Resources,1
ASM,246,Practicum VII: Business Administration,1
ASM,247,Practicum VIII: Administrative Organization,1
ASM,248,Practicum IX: Human Resource Management,1
ASM,256,Agency Experience,2
ASM,261,Regulation of NF/SNF,3
ASM,263,Practicum I: Quality of Life,2
ASM,264,Pract II: Human Resource,1
ASM,265,Pract III: Finance,1
ASM,266,Pract IV: Environment,1
ASM,267,Pract V: Leadership & Mgmt,1
ASM,274,Law & Ethics in Healthcare,3
ASM,278,Management in Senior Care,3
ASM,279,HealthCare Human Resources,3
ASM,280,HealthCare Delivery Systems,2
ASM,282,Aging Services,2
ASM,283,Aging Policies & Gov Programs,2
ASM,291,Activity Coordinator,4
ASM,295,Death and Dying,3
ASM,800,Seminar I,1
ASM,805,Seminar II,1
AGA,114,Principles of Agronomy,3
AGA,129,Intro to Sustainable Agricul,3
AGA,154,Fundamentals of Soil Science,3
AGA,157,Soil Fertility,1
AGA,211,Grain and Forage Crops,3
AGA,222,Grain Management,2
AGA,284,Pesticide Application Certific,3
AGA,381,Crop Scouting,3
AGB,101,Agricultural Economics,3
AGB,235,Intro to Agricultural Markets,3
AGB,330,Farm Business Management,3
AGB,331,Entrepreneurship in Agricult,3
AGB,336,Agricultural Selling,3
AGB,440,Agricultural Niche Marketing,3
AGB,802,Agribusiness Internship I,2
AGB,812,Agribusiness Internship II,2
AGC,314,Leadership in Agriculture,2
AGC,420,Agricultural Issues,3
AGH,103,Floral Design I,1
AGH,104,Floral Design II,1
AGH,106,Introduction to Horticulture,3
AGH,112,Intro to Turfgrass Management,3
AGH,120,Herbaceous Plant Materials,3
AGH,123,Woody Plant Materials,3
AGH,132,Introduction to Greenhouse,3
AGH,133,Greenhouse Production I,3
AGH,139,Field to Kitchen,3
AGH,142,Landscape Construction,3
AGH,146,Soil Science for Horticulture,3
AGH,147,Soil Fertility for Hort.,1
AGH,154,Residential Landscape Design,3
AGH,156,Landscape Design II,3
AGH,159,Landscape Graphics,2
AGH,161,Irrigation Systems,3
AGH,200,Landscape Estimating & Bidding,2
AGH,211,Advanced Turfgrass Management,3
AGH,221,Principles of Horticulture,3
AGH,223,Tree Physiology,3
AGH,224,Tree Maintenance,3
AGH,225,Tree Climbing and Pruning,3
AGH,233,Plant Propagation I,3
AGH,253,Insects and Diseases,3
AGH,262,Fruit and Vegetable Science,3
AGH,272,Nursery Production I,3
AGH,276,Greenhouse Production II,3
AGH,281,Arboriculture,3
AGH,283,Pesticide Application Cert,2
AGH,291,Hort. Business Operations,3
AGH,296,Commercial Landscape Industry,2
AGH,805,Horticulture Internship I,2
AGH,912,Current Topics in Hort.,1
AGM,125,Alternative Energy in Ag,3
AGP,333,Precision Agriculture Appl.,3
AGS,101,Working with Animals,2
AGS,113,Survey of the Animal Industry,3
AGS,114,Survey of the Animal Industry,2
AGS,222,Aquaculture/Aquarium Sci I,3
AGS,225,Swine Science,3
AGS,226,Beef Cattle Science,3
AGS,242,Animal Health,3
AGS,249,Aquaculture/Aquarium Sci II,3
AGS,319,Animal Nutrition,3
AGS,323,Animal Nutrition II,3
AGT,120,Agricultural Appl in Biotech,3
AGV,109,Pharmacy Skills,2
AGV,120,Veterinary Medical Terminology,1
AGV,128,Introduction to Veterinary Technology,2
AGV,129,Veterinary Physiology,3
AGV,133,Veterinary Clinic Pathology I,3
AGV,134,Veterinary Clinic Pathology II,3
AGV,138,Clinical Pathology Lab,1
AGV,140,Veterinary Pharmacology,3
AGV,145,Animal Nutrition,3
AGV,151,Intro Vet Tech Clinical Skills,3
AGV,160,Anesthesia/Surgical Assistance,4
AGV,164,Clinical Mgmt Domestic Species,2
AGV,165,Clin Mgmt Lab/Exotic Species,2
AGV,166,Veterinary Nursing Care,3
AGV,170,Veterinary Anesthesiology,3
AGV,172,Large Animal Medicine/Surgery,3
AGV,182,Diagnostic Imaging,3
AGV,238,VTNE Review Course I,2
AGV,245,Introduction to Animal Disease,2
AGV,266,Adv Veterinary Nursing Care,2
AGV,338,VTNE Review Course II,2
AGV,920,Spanish for the Veterinary Technician,2
AGV,932,Vet Technology Internship,4
ANI,408,Intro. Rich Media & Animation,2
ANI,410,Illustration 1,3
ANI,439,Digital Asset Production,3
ANI,453,Illustration for Animation,3
ANI,455,2D Animation,3
ANI,465,3D Modeling and Texturing,3
ANI,467,After Effects for Motion Grap,3
ANI,477,Storyboarding & Scriptwriting,3
ANI,479,Audio Recording & Edit,3
ANI,483,Intro. Autodesk 3dsMax,3
ANI,485,Animation 1,3
ANI,487,Animation 2,3
ANI,488,Intro. to Cinema 4D,3
ANI,490,Intro. to Maya Animation,3
ANI,492,Demo Reel Production,6
ANI,494,Capstone Group Project,5
ANT,105,Cultural Anthropology,3
ANT,125,Applications of Anthropology,3
ANT,150,Global Issues-Local Perspec,3
ANT,202,Human Origins,3
APP,109,Creative Design Foundations,3
APP,209,Textile Science,3
APP,211,Textiles,3
APP,212,Textile Science Lab,1
APP,235,Visual Merchandising Studio,3
APP,240,Fashion Design,3
APP,255,Intro to Garment Construction,3
APP,260,Fashion Analysis and Design,3
APP,261,Fashion Industry Analysis,3
APP,265,Fashion Styling,3
APP,270,Fashion Buying,3
APP,291,Fashion Study Tour,1
APP,295,Digital Product Design,3
APP,300,Fashion Events & PR,3
APP,600,Industry Career Development,3
APP,602,Internship I,3
APP,700,Internship Seminar & Capstone,2
APP,702,Internship II,3
MLW,440,Blueprint Reading and Layout,3
MLW,441,Material Identification/Usage,3
MLW,442,Introduction to Portable Tools,3
MLW,443,Stationary Equipment,4
MLW,444,Advanced Equipment Techniques,3
MLW,445,Millimeter Cabinet Tech,3
MLW,446,Millwork Techniques,4
MLW,447,Introduction to Application,3
MLW,448,Adv Millwork Application I,5
MLW,449,Adv Millwork Application II,5
ARC,110,Intro to Architectural CAD,3
ARC,111,Intermediate Arch 2D CAD,2
ARC,113,Architectural Drafting I,4
ARC,115,Arch 3D Computer Modeling,2
ARC,123,Arch Residential Drafting I,3
ARC,124,Arch Residential Drafting II,3
ARC,133,Commercial Architecture/BIM I,3
ARC,134,Commercial Architecture/BIM II,3
ARC,160,Materials & Assemblies I,2
ARC,170,Materials & Assemblies II,2
ARC,172,Materials & Assemblies III,2
ARC,173,Materials & Assemblies IV,2
ARC,183,Materials and Assemblies V,2
ARC,187,Contract Doc Tech I,2
ARC,188,Contract Doc Tech II,2
ARC,190,Presentation Graphics,3
ARC,273,Architectural Design,3
ARC,932,Internship,2
ART,101,Art Appreciation,3
ART,102,Arts for Elementary Education,3
ART,133,Drawing Lab,3
ART,136,Life Drawing,3
ART,143,Painting,3
ART,148,Landscape Painting,3
ART,173,Ceramics,3
ART,174,Ceramics II,3
ART,176,Tilemaking,3
ART,184,Principles of Photography,3
ART,186,Principles Digital Photograph,3
ART,189,Commercial Photography 1,3
ART,190,History of Photography,3
ART,192,Portrait Photography 1,3
ART,194,Portfolio Photography 1,3
ART,195,Design: Exploring Art Media,3
ART,197,Photography Assistant Basics,3
ART,203,Art History I,3
ART,204,Art History II,3
ART,225,Photoshop for Photography,3
ART,226,Alternative Photo Processes,3
ART,227,Advanced Image Processing,3
ART,228,Fashion Photography,3
ART,283,Commercial Photography II,3
ART,287,Portrait Photography II,3
ART,289,Photojournalism,3
ART,291,Travel Photography,3
ART,292,Studio Photography,3
ART,294,Architectural Photography,3
ART,929,Individual Projects,2
ADN,110,Introduction to Professional Nursing,2
ADN,126,Passport to ADN Nursing,2
ADN,140,Nursing Fundamentals,6
ADN,210,Advanced Nursing Practice,5
ADN,240,Health and Illness Concepts I,6
ADN,416,Family Health Nursing,5
ADN,420,Health and Illness Concepts IIa,6
ADN,450,Health and Illness Concepts IIb,6
ADN,474,Mental Health Nursing,5
ADN,520,Complex Health Concepts,7
ADN,550,Professional Nursing Preceptor,5
ADN,551,Adult Health Nursing,7
ADN,611,Professional Nursing Practice,2
ADN,821,Nursing Seminar,3
ATC,320,Technical Internship I,3
ATC,328,Chrysler Elec Systems Repair,4
ATC,330,Technical Internship II,3
ATC,335,Service/Repair Chrysler Engine,5
ATC,336,Chrysler Fuel Systems,3
ATC,340,Technical Internship III,3
ATC,346,Chrysler Engine Performance,5
ATC,347,Chrysler Heating & AC,3
ATC,350,Technical Internship IV,3
ATC,353,Chrysler Power Train Systems,6
ATC,354,Chrysler Manual Drivetrains,4
ATC,355,Chrysler Automatic Drivetrains,4
ATC,356,Advanced Chrysler Systems,5
ATC,360,Technical Internship V,2
ATF,280,Ford Steering/Susp/Brakes,4
ATF,290,Adv. Ford Steering/Susp/Brake,2
ATF,312,Ford Automotive Electrical,5
ATF,317,Ford Shop Fund & Minor Svc,3
ATF,320,Technical Internship I,3
ATF,324,Ford Steering/Suspension,3
ATF,325,Ford Brakes Systems,3
ATF,326,Ford Automotive Climate Ctrl,3
ATF,328,Ford Electronic Systems Diag,5
ATF,330,Technical Internship II,3
ATF,333,Ford Engine Diagnosis/Repair,4
ATF,336,Ford Fuel Systems & Injection,3
ATF,337,Ford Driveability & Emissions,4
ATF,340,Technical Internship III,3
ATF,344,Ford Driveline & 4x4 Diag/Rpr,2
ATF,346,Ford Transmission & Transaxle,4
ATF,350,Technical Internship IV,3
ATF,352,Ford Systems/Tech. Update,3
ATF,362,Ford Diesel Engine Technology,4
ATG,312,GM Specialized Electronics Tr,4
ATG,320,GM Brake Systems,4
ATG,322,GM Steering & Suspension,3
ATG,326,GM Auto AC Systems,3
ATG,327,Minor Svc/Repair/GM Engines,3
ATG,328,Diagnosis/Repair-GM Elect Sys,3
ATG,329,Technical Internship I,3
ATG,330,Technical Internship II,3
ATG,333,Major Service Proc/GM Engines,3
ATG,336,GM Fuel Systems,3
ATG,337,GM Engine Performance,4
ATG,340,Technical Internship III,3
ATG,344,GM Manual Drivetrains,4
ATG,345,GM Automatic Drivetrains,4
ATG,350,Technical Internship IV,3
ATG,354,Advanced GM Motors Systems,5
AUT,111,Intro to Auto Tech I,6
AUT,112,Intro to AutoTech II,6
AUT,114,Shop Fund & Minor Service,4
AUT,140,Welding for Automotive Mechani,2
AUT,163,Automotive Engine Repair,3
AUT,173,Adv Automotive Engine Repair,3
AUT,242,Basic Automotive Powertrain,6
AUT,243,Adv Automotive Powertrain,6
AUT,404,Basic Suspension & Steering,4
AUT,524,Auto Brake Systems & Service,4
AUT,535,Adv Auto Brakes & Alignment,5
AUT,601,Auto Electrical I,4
AUT,612,Auto Electrical II,4
AUT,615,Auto Electricity/Electronics,4
AUT,652,Adv Automotive Electricity,3
AUT,704,Auto Heating & AC,4
AUT,823,Advanced Automotive Tune-up,4
AUT,834,Automotive Fuel Systems,4
AUT,842,Auto Computerized Eng Controls,4
AUT,845,Electrical Systems Diagnosis,2
AUT,847,Electrical Systems Diagnosis,3
AUT,870,Automotive Service Management,2
AUT,933,Technical Internship I,3
AUT,934,Technical Internship II,3
AVI,130,Private Pilot Ground School,3
AVI,172,Private Pilot Flight Training,2
AVI,213,Instrument Flight Theory,3
AVM,100,Cleaning/Corrosion Control,1
AVM,103,Aircraft-Materials/Processes,2
AVM,104,Regulations and Publications,2
AVM,107,Weight and Balance,1
AVM,111,Ground Operations & Servicing,1
AVM,112,Aircraft Electrical Systems,4
AVM,121,Weather and Warning Systems,1
AVM,124,Aircraft Assembly/Rigging,3
AVM,125,Airframe Structure and Repair,5
AVM,129,Landing Gear & Brake Systems,2
AVM,132,Airframe/Powerplant Inspection,2
AVM,133,Hydraulic/Pneumatic Power Sys,3
AVM,139,Instruments/Fire Protection-PP,1
AVM,141,Control Systems,1
AVM,145,Aircraft Welding,1
AVM,147,Airframe Fuel Systems,2
AVM,165,Communication and Navigation,2
AVM,168,Fluid Lines and Fittings,1
AVM,170,Aircraft Drawings,2
BIO,100,Opportunities in Biology,1
BIO,104,Introductory Biology w/lab,3
BIO,112,General Biology I,4
BIO,113,General Biology II,4
BIO,135,Introduction to Botany,4
BIO,138,Field Ecology,3
BIO,145,Ecology of Iowa,3
BIO,146,Genetics,3
BIO,151,Nutrition,3
BIO,156,Human Biology w/lab,3
BIO,164,Essentials Anatomy/Physiology,5
BIO,168,Anatomy & Physiology I,4
BIO,173,Anatomy & Physiology II,4
BIO,186,Microbiology,4
BIO,191,Intro to Biotechnology w/Lab,3
BIO,225,Marine Biology I,4
BIO,227,Marine Biology II,4
BIO,243,Topics in Biotechnology,1
BIO,249,Biotechnology Internship,2
BIO,250,Cell & Molec Bio-Nucleic Acids,5
BIO,251,Cell & Molecular Bio-Proteins,5
BIO,260,Biology of Aging,3
BIO,295,General Ecology and Lab,4
BIO,732,Health Science Microbiology,4
BIO,733,Health Science Anatomy,3
BIO,734,Health Science Physiology,3
BIO,900,Field Studies in Medical Sciences,4
BIO,922,Field Studies,1
BPT,102,Intro to Biomass Process Tech,2
BPT,111,Biomass Equipment and Systems,3
BPT,112,Biomass Tech Health/Safety,3
BPT,125,Piping & Instrument Diagrams,2
BPT,128,Operator Biomass Lab Process,3
BMA,165,Boiler Room Maintenance,1
BMA,167,Steam Plant Operations,2
BMA,175,Basic Plumbing,2
BMA,177,Indus. Plumbing & Pipefitting,3
BCA,110,Introduction to Word,1
BCA,121,Introduction to Excel,1
BCA,144,Introduction to OneNote,1
BCA,152,Comprehensive Spreadsheets,3
BCA,160,Comprehensive Word I,3
BCA,161,Comprehensive Word II,3
BCA,180,Introduction to Access,1
BCA,181,Introduction to PowerPoint,1
BCA,212,Intro Computer Business Appl,3
BCA,242,Publications and Photo Editing,3
BUS,102,Introduction to Business,3
BUS,112,Business Math,3
BUS,131,Small Business Mgmt Strategies,3
BUS,138,Small Business Marketing,3
BUS,141,Small Business Start-Up,3
BUS,148,Small Business Management,3
BUS,150,E-Commerce on the Web,3
BUS,185,Business Law I,3
BUS,186,Business Law II,3
BUS,220,Intro International Business,3
BUS,231,Quantitative Methods/Bus Decisions,4
BUS,250,Principles of Real Estate,3
BUS,260,Introduction to Insurance,3
BUS,278,Employment Law,3
BUS,902,Career Seminar,1
BUS,904,Legal Study Tour,1
BUS,932,Internship,2
CET,101,Engineering Fundamentals,3
CET,110,Materials Testing,3
CET,113,Surveying Fundamentals,3
CET,152,Construction Inspection,3
CET,158,Introduction to Drafting,4
CET,180,Engineering Surveying,4
CET,210,PCC/HMA Plant Inspection,3
CET,215,Roadway Design Fundamentals,4
CET,240,Soils and Erosion Control,2
CET,252,Construction Documents,3
CET,255,Roadway/Highway Design,4
CET,260,Roadway Design with CAD,4
CET,265,Land Surveying,3
CET,292,Structural Detail & Modeling,4
CET,302,Field Internship,2
CET,304,Field Coop,4
CET,305,Field Coop,5
CET,307,Field Orientation,2
CHM,105,Survey of Chemistry,3
CHM,122,Intro to General Chemistry,4
CHM,132,Intro to Organic/Biochemistry,4
CHM,165,General Chemistry I,4
CHM,175,General/ Inorg Chemistry II,4
CHM,263,Organic Chemistry I,5
CHM,273,Organic Chemistry II,5
CHM,922,Field Studies,1
PEC,110,"Coaching Ethics, Tech & Theory",1
PEC,115,Athletic Dev and Human Growth,1
PEC,122,Intro Anat & Phys for Coaching,1
PEC,170,Sports Officiating: Basketball,1
PEC,173,Officiating:Softball/Baseball,1
PEC,177,Sports Officiating: Football,1
PEC,190,Sports Psychology for Coaches,1
PEC,191,Current Issues in Coaching,1
PEC,215,Sport Mechanics for Coaches,1
CRR,101,Sheet Metal Welding,2
CRR,150,Basic Shop Safety,1
CRR,202,Plastic Repair,3
CRR,325,Sheet Metal Fundamentals,5
CRR,502,Frame Damage Analysis,2
CRR,655,Advanced Collision Repair,5
CRR,742,Estimating Theory,2
CRR,760,Advanced Estimating,2
CRR,841,Principles of Refinishing,5
CRR,876,Refinishing Production,6
CRR,877,Refinishing Applications,7
CAD,119,Intro Computer-Aided Drafting,3
CAD,125,Intermediate CADD-Mechanical,3
CAD,126,Intermed CADD-Architectural,3
CAD,139,Intro to CAD/CAM,3
CAD,148,Intro to Finite Element Analys,3
CAD,149,Basic Modeling SolidWorks,3
CAD,151,CAD Graphics I,6
CAD,152,CAD Graphics II,6
CAD,153,CAD Applications I,3
CAD,154,CAD Applications II,3
CAD,182,SolidWorks CAD I,3
CAD,183,Engineer Disciplines & Pract,3
CAD,184,SolidWorks for Die Design,3
CAD,215,Mechanical Systems,3
CAD,240,Applied Materials & Processes,3
CAD,242,Manufacturing Interfaces,3
CAD,246,Parametric CAD I,3
CAD,248,Parametric CAD II,3
CAD,252,Design Project I,4
CAD,254,Design Project II,5
CIS,125,Intro to Programming Logic w/,3
CIS,152,Data Structures,3
CIS,154,Computational Structures,3
CIS,161,C++,3
CIS,164,Advanced C++,3
CIS,169,C#,3
CIS,171,Java,3
CIS,174,Advanced C# Programming,3
CIS,175,Java II,3
CIS,178,Java Programming I,2
CIS,179,Java Programming II,2
CIS,189,Python,3
CIS,204,Intro to Website Development,3
CIS,215,Server-Side Web Programming,3
CIS,240,E-Commerce Website II,3
CIS,247,Intro to XML,3
CIS,289,Python II,3
CIS,303,Introduction to Database,3
CIS,332,Database and SQL,3
CIS,338,SQL/Oracle,3
CIS,402,COBOL,3
CIS,413,COBOL II,4
CIS,450,PLTW Computer Science Principles,3
CIS,451,PLTW-Computer Science Applications,3
CIS,505,Structured Systems Analysis,4
CIS,588,Computer Organization,3
CIS,604,Visual Basic,3
CIS,720,Help Desk Operations,3
CIS,932,CIS Internship,3
COM,146,"Gender, Sexuality and Media",3
COM,148,Diversity and the Media,3
COM,703,Communication Skills,3
NET,120,Computer Hardware Basics OL,3
NET,123,Computer Hardware Basics,4
NET,126,Networking Tech-Mainframe,2
NET,139,Microsoft Desktop Operate Sys,4
NET,144,Digital & Computer Electronics,3
NET,145,Digital & Computer Elect. Lab,3
NET,147,Networking Technologies,2
NET,163,Installing & Configuring Windows Server,3
NET,166,Applied Computer Security,3
NET,168,Administering Windows Server,3
NET,173,Configuring Advanced Windows Server Services,4
NET,179,Digital Forensic Analysis I,3
NET,180,Digital Forensic Analysis II,3
NET,182,IT and Security Fundamentals,3
NET,183,E-Discovery - Concepts,3
NET,185,E-Discovery I - Data Collect,3
NET,186,E-Discovery II - File Culling,3
NET,187,E-Discovery III - Data Prod,3
NET,193,Server Administration,3
NET,201,Web Concepts for Network Administrators,3
NET,202,Programming for Network Administrators,3
NET,207,Applied Computer Security Lab,2
NET,208,Cyber Ethics and Legal Issues,3
NET,210,Cybersecurity Analyst,3
NET,213,Cisco Networking,4
NET,225,Routing & Switching Essential,4
NET,226,Scaling Networks,4
NET,227,Connecting Networks,4
NET,228,Cisco Networking II,4
NET,229,Cisco Networking III,4
NET,315,Cloud Systems Administration,3
NET,350,Cisco Security,4
NET,373,Forensic Prac Cybersecurity,4
NET,377,Ethical Hacking Prac Cybersec,4
NET,402,Linux Network Administration,3
NET,412,Linux System Administration,3
NET,432,Linux System Security,3
NET,434,Linux Systems & Certification,3
NET,435,Linux Programming for Admin,3
NET,436,Linux Network Programming,3
NET,484,Netplus Certification,4
NET,488,Netware 4.x Administration,2
NET,515,Linux Enterprise,3
NET,532,Linux Enterprise Admin. II,3
NET,653,Microsoft Exchange Server,4
NET,708,Database Concepts for Cyber,4
NET,711,SQL Database,3
NET,715,Database Security & Auditing,3
NET,932,Internship,3
CIS,940,Software Project Application,1
CIS,943,Computer Science Project App.,3
CSC,105,Computer Essentials,1
CSC,109,Experience Information Technology,3
CSC,116,Information Computing,3
CON,205,Introduction to Construction Technology,5
CON,333,Materials/Construction Theory,5
CON,334,Construction Techniques,7
CON,336,Care/Use of Hand/Power Tools,1
CON,337,Construction Blueprint Reading,1
CON,338,Materials Takeoff,1
CON,341,Construction Drafting & Desig,2
CON,342,Interior Trim Practices,3
CON,347,Concrete Systems and Forming,3
CON,480,Const Procedure/Application I,5
CON,481,Constr Proc & Applications II,5
CON,482,Const Proc & Applications III,5
CON,615,Technical Internship I,5
CON,616,Technical Internship II,5
CON,617,Technical Internship III,5
CON,949,Spcl Topic:Green Bldg Concepts,1
CRJ,100,Intro to Criminal Justice,3
CRJ,101,Ethics in Criminal Justice,3
CRJ,107,Survey Crim Justice Agencies,3
CRJ,109,Theories of Interviewing,3
CRJ,111,Police and Society,3
CRJ,120,Introduction to Corrections,3
CRJ,128,Victimology,3
CRJ,141,Criminal Investigation,3
CRJ,178,E-Crime Investigative Methods,3
CRJ,179,White Collar Crime,1
CRJ,196,Crime Scene Investigation 1,2
CRJ,197,Crime Scene Investigation 2,2
CRJ,200,Criminology,3
CRJ,201,Juvenile Delinquency,3
CRJ,220,Community-Based Corrections,3
CRJ,222,Correctional Treatment Method,3
CRJ,237,Criminal & Constitutional Law,3
CRJ,245,Scientific Investigation,3
CRJ,292,Police Phys Fitness and Cond,1
CRJ,293,Crim Justice Report Writing,1
CRJ,294,CJ Communication Strategies,3
CRJ,296,Latent Friction Ridge Evidenc,1
CRJ,297,Death & Injury Investigations,1
CRJ,298,Bloodstain Pattern Analysis,1
CRJ,301,Intro to Homeland Security,3
CRJ,302,Transportation & Border Sec,3
CRJ,303,Intel Analysis & Sec Mgmt,3
CRJ,305,Introduction to Cyber Terrorism,3
CRJ,325,Intro to Emergency Management,3
CRJ,326,Emergency Planning,3
CRJ,327,Exercise Design & Evaluation,3
CRJ,328,Disaster Response & Recovery,3
CRJ,329,Mitigation,3
CRJ,333,CSI & Forensic Photography,2
CRJ,932,Internship,3
CRJ,949,Special Topics,3
DAT,201,Data Science I,3
DAT,202,Data Science II,3
DAT,303,Data Science III,3
DAT,500,SAS Visual Analytics,3
DEA,253,Dental Science I,4
DEA,256,Dental Anatomy,2
DEA,263,Dental Science II,2
DEA,297,Ethics/Jurisprudence Seminar,1
DEA,321,Dental Radiography II,2
DEA,424,Dental Materials Lab,1
DEA,507,Princ of Dental Assisting,6
DEA,576,Dental Assisting Clinic I,3
DEA,577,Dental Assisting Clinic II,4
DEA,591,Dental Assisting Seminar,1
DEA,615,Clinical Dental Assisting,5
DEA,702,Dental Office Procedures,2
DSL,114,Shop Fund & Minor Service,4
DSL,145,Basic Electricity,5
DSL,155,Advanced Electricity,4
DSL,163,Engine Repair,3
DSL,330,Diesel Engine Tune-Up,3
DSL,356,Diesel Engines I,6
DSL,366,Diesel Engines II,6
DSL,409,Diesel Electronics,5
DSL,438,Diesel Fuel Systems,5
DSL,541,Equipment Power Trains,6
DSL,546,Power Trains I,6
DSL,555,Power Trains II,5
DSL,604,Power Equipment Hydraulics,4
DSL,606,Hydraulics and Brakes,6
DSL,733,Air Conditioning,3
DSL,830,Operation & Maintenance,5
DSL,845,Heavy Equipment Repair,5
DSL,855,Truck Repair,5
DSL,912,Fuel Systems,2
DSL,913,Small Engines,3
DRA,101,Introduction to Theatre,3
DRA,105,Budgeting for Artists,1
DRA,111,Survey of Musical Theatre,3
DRA,125,Introduction to Play Analysis,3
DRA,127,Stage Combat,3
DRA,130,Acting I,3
DRA,132,Acting II,3
DRA,134,Improvisational Acting,3
DRA,139,Acting for the Camera,3
DRA,143,The Business of Acting,3
DRA,147,Creative Drama School/Rec,3
DRA,148,Voice & Movement,3
DRA,162,Technical Theatre,3
DRA,180,Theatre Lab I,1
DRA,181,Theatre Lab II,1
DRA,199,Musical Theatre Dance,3
DRA,201,Fundamental Arts Management,3
DRA,202,Design Principles,3
DRA,222,Performing Shakespeare,3
DRA,223,Performing Musical Theatre,3
DRA,224,Musical Theatre Auditions,3
DRA,240,Stage Management,3
DRA,250,Directing,3
DRA,252,Playwriting,3
DRA,280,Theatre Lab III,1
DRA,281,Theatre Lab IV,1
DRA,945,Practicum I,2
DRA,946,Practicum II,3
DRA,948,Practicum III,4
ECE,103,Intro to Early Childhood Ed,3
ECE,106,Child Dev. Associate Standards,1
ECE,114,Dual Language Learners in ECE,3
ECE,130,Emergency Care,1
ECE,133,"Child Health, Safety & Nutrition",3
ECE,151,Individualizing for Children,3
ECE,152,Learning with Digital Media,3
ECE,158,Early Childhood Curriculum I,3
ECE,159,Early Childhood Curriculum II,3
ECE,170,Child Growth & Development,3
ECE,215,"Home, School & Comm Relations",3
ECE,221,Infant/Toddler Care and Educ.,3
ECE,242,Child Life Theory,3
ECE,243,Early Childhood Guidance,3
ECE,268,Early Childhood Field Exper,4
ECE,281,Practicum,2
ECE,290,Early Childhood Program Admin,3
ECE,343,Early Childhood Guidance Lab,1
ECE,359,ECE Curriculum II Lab,1
ECE,930,Administrative Practicum,1
ECE,932,Internship,2
ECN,120,Principles of Macroeconomics,3
ECN,130,Principles of Microeconomics,3
EDU,210,Foundations of Education,3
EDU,213,Intro to Education,3
EDU,218,Initial Field Experience,2
EDU,245,Exceptional Learner,3
EDU,252,Communication and Collaborative Partnerships,3
EDU,253,Behavior Management and Social Interaction Skills,3
EDU,255,Technology in the Classroom,3
ELT,93,Concepts Electronics/Computers,1
ELT,106,Basic Math for Electronics,3
ELT,108,Math-Electronics & Computers,4
ELT,123,Programmable Controllers,3
ELT,125,Advanced PLC,3
ELT,126,Industrial Electronics,2
ELT,131,Motor Controls,3
ELT,143,Mechanisms,3
ELT,146,Mechanisms Lab,2
ELT,147,NEC Residential,3
ELT,148,NEC Residential Lab,3
ELT,172,NEC Commercial/Industrial,3
ELT,173,NEC Commercial/Industrial Lab,4
ELT,178,Electrical Grounding,2
ELT,181,Adv Math for Electronics Tech,1
ELT,217,Advanced Motor Controls,3
ELT,303,Principles of Electricity,3
ELT,307,Digital Circuits,2
ELT,308,Digital Circuits Lab,2
ELT,324,Digital Electronics Lab,2
ELT,325,Digital Electronics,3
ELT,368,DC & AC Fundamentals,3
ELT,369,DC & AC Fundamentals Lab,3
ELT,383,Electronic Circuit Analysis,3
ELT,384,Electronic Circuit Anlys. Lab,2
ELT,387,Electric Circuit Analysis II,3
ELT,388,Elec Circuit Analysis II Lab,2
ELT,393,Fabrication Techniques,4
ELT,470,Bus Imaging & Security Applic.,4
ELT,471,Bus Imaging & Security App Lab,3
ELT,474,Communications Systems,3
ELT,475,Communications Systems Lab,3
ELT,478,Basic Imaging Devices,3
ELT,479,Basic Imaging Devices Lab,3
ELT,482,Security Systems,3
ELT,483,Security Systems Lab,4
ELT,622,Microcontrollers,3
ELT,623,Microcontrollers Lab,1
ELT,642,Pro.Control & Instrumentation,4
ELT,644,Process Control Instr Lab,2
ELT,652,Computer Repair & Networking,4
ELT,721,Robotics,3
ELT,722,Advanced Robotics,4
ELT,725,Intro Flexible Manufacturing,2
ELT,728,Motor Controls and Power Electronics,4
ELT,781,Electro-Mechanical Systems,2
ELT,782,Electro-Mechanical Systems Lab,2
ELT,791,Hydraulics & Pneumatics,3
ELT,792,Hydraulics & Pneumatics Lab,2
ELT,793,Advanced Fluid Power,3
ELT,816,Systems Troubleshooting,2
ELT,817,Systems Troubleshooting Lab,3
ELT,870,Electronics Capstone Project,3
ELT,932,Internship,3
ELT,950,Intro to Renewable Energy,2
ELT,951,Applied Photovoltaic Systems,4
ELE,236,Electric Utility I,5
ELE,239,Electric Utility II,4
ELE,243,Electric Utility III,3
ELE,249,Electric Utility IV,4
ELE,252,Transmission & Distribution,5
ELE,254,Safe Oper. of Power Equipment,5
ELE,265,Diagrams and Staking Sheets,1
ELE,272,Line Maintenance,3
ELE,275,Electric Uti Workplace Skills,1
ELE,901,Electric Utility Internship,5
EMS,105,IA Law Enforcement Emerg Care,1
EMS,214,Emergency Medical Technician,6
EMS,401,EMS LAB I,4
EMS,402,EMS LAB II,3
EMS,461,Role of the Paramedic,2
EMS,463,Medical/Legal/Ethical Issues,2
EMS,465,Prin of Pathophysiology I,5
EMS,466,Prin of Pathophysiology II,5
EMS,474,Patient Assessment,3
EMS,477,Medical Emergencies,5
EMS,479,Trauma,5
EMS,481,Special Considerations,1
EMS,484,Operations,1
EMS,501,EMS Clinical I,2
EMS,503,EMS Clinical II,2
EMS,505,EMS Clinical II,6
EGR,100,Engineering Orientation,1
EGR,151,Engineering Visual BASIC,2
EGR,152,Engineering MATLAB,2
EGR,155,Engineering C/C++,2
EGR,161,Engineering Computations,2
EGR,166,Engr Graphics/Concptl Design,4
EGR,180,Statics,3
EGR,290,Thermodynamics,3
EGT,400,PLTW Intro to Engr Design,3
EGT,410,PLTW Principles of Engineering,3
EGT,420,PLTW-Digital Electronics,3
EGT,450,PLTW-Computer Integrated Manuf,3
EGT,460,PLTW-Civil Engr/Architecture,3
EGT,900,Field Studies in Architecture and Engineering,5
IND,168,Explore Bus and Ind Careers,1
ENG,60,College Preparatory Writing I,3
ENG,61,College Preparatory Writing II,3
ENG,105,Composition I,3
ENG,106,Composition II,3
ENG,108,Comp II: Technical Writing,3
ENG,145,Strategies for Composition,2
ENG,221,Creative Writing,3
ENG,225,Creative Writing: Poetry,3
ENG,230,Creative Writing: Fiction,3
ENG,235,Playwriting and Screenwriting,3
ELL,98,Reading and Comm Fluency,4
ELL,99,Grammar and Writing Fluency,4
ELL,108,Reading and Comm Accuracy,4
ELL,109,Grammar and Writing Accuracy,4
ENV,103,Sustainable Living,1
ENV,115,Environmental Science,3
ENV,116,Environmental Science Lab,1
ENV,145,Conservation Biology,4
ENV,160,Restoring Plant Communities,3
FIN,101,Principles of Banking,3
FIN,121,Personal Finance,3
FIN,180,Introduction to Investments,3
FIN,214,"Stocks, Bonds and Investments",1
FIR,101,Intro. Fire Protection Tech.,3
FIR,124,Building Construction,3
FIR,127,Fire Behavior and Combustion,3
FIR,129,Hydraulics and Water Supply,3
FIR,138,Principles of Fire Prevention,3
FIR,145,Strategy and Tactics,3
FIR,152,Fire Protection Systems,3
FIR,160,Fire Inspector I,3
FIR,199,Firefighter I,8
FIR,235,Fire Investigation I,3
FIR,400,Emergency Safety & Survival,3
FLA,141,Elementary Arabic I,4
FLA,142,Elementary Arabic II,4
FLA,241,Intermediate Arabic I,4
FLA,242,Intermediate Arabic II,4
FLC,141,Elementary Chinese I,4
FLC,142,Elementary Chinese II,4
FLC,241,Intermediate Chinese I,4
FLC,242,Intermediate Chinese II,4
FLF,151,Elementary French I,5
FLF,152,Elementary French II,5
FLF,241,Intermediate French I,4
FLF,242,Intermediate French II,4
FLG,141,Elementary German I,4
FLG,142,Elementary German II,4
FLG,241,Intermediate German I,4
FLG,242,Intermediate German II,4
FLI,141,Elementary Italian I,4
FLI,142,Elementary Italian II,4
FLI,241,Intermediate Italian I,4
FLI,242,Intermediate Italian II,4
FLJ,141,Elementary Japanese I,4
FLJ,142,Elementary Japanese II,4
FLJ,241,Intermediate Japanese I,4
FLJ,242,Intermediate Japanese II,4
FLS,151,Elementary Spanish I,5
FLS,152,Elementary Spanish II,5
FLS,181,Spanish for Heritage Spkrs I,4
FLS,241,Intermediate Spanish I,4
FLS,242,Intermediate Spanish II,4
FLS,281,Spanish for Heritage Spkrs II,4
GEO,111,Intro to Geography,3
GEO,124,Reg Geog of the NonWest World,3
GEO,125,Regional Geog of the Dev World,3
GLS,199,Japan: The Changing Tradition,2
GLS,200,Country Study,3
GLS,210,International Year Seminar,3
GLS,220,The Middle East and Islam,3
GLS,230,Latin America,3
GLS,235,Intro to International Studies,3
GRD,301,Intro to Desktop Publishing,3
GRD,305,Screen Printing Methods,3
GRD,403,Communication Design I,3
GRD,404,Typography II,3
GRD,405,Typography I,3
GRD,411,Communication Design II,3
GRD,415,InDesign I,3
GRD,419,Lettering and Sign Art,2
GRD,421,Internship Preparation,3
GRD,424,Graphic Design Internship,3
GRD,426,Communication Design III,3
GRD,430,InDesign II,3
GRD,437,Communication Design IV,3
GRD,459,Illustrator,3
GRD,462,Computer Graphics II,3
GRD,463,Photoshop,3
GRD,464,Digital Artistry,3
GRD,470,Interactive Media I,3
GRD,471,Interactive Media II,3
GRD,475,After Effects for Advanced Compositing,3
GRD,900,Field Studies in Graphic Design,5
GRT,400,Intro to Printing Methods,4
GRT,403,Production Methods,2
GRT,404,Intro to Visual Communication,2
GRT,409,Project Planning & Management,3
GRT,415,Digital Imaging I,4
GRT,420,Advanced Printing Methods,4
GRT,424,Digital Imaging II,4
GRT,426,Digital Publishing III,4
GRT,427,Specialty Printing Methods,4
GRT,430,Emerging Technologies,3
GRT,433,InDesign III,3
GRT,453,Printing Methods Capstone,4
GRT,455,Digital Publishing Capstone,4
GRT,466,Digital Imaging for Print,3
GRT,932,Internship,3
HIT,120,Pharmacology for HIT,1
HIT,125,Essentials of Health Records,2
HIT,162,Data Security for Health IT,2
HIT,233,ICD-10 Coding,4
HIT,280,CPT-4 Coding,3
HIT,290,Reimbursement Methods,3
HIT,315,Electronic App for Health Dat,2
HIT,360,Introduction to HIT,3
HIT,390,Intro HIT Project Management,1
HIT,420,Legal Aspects of Health Info,2
HIT,440,Quality Management,3
HIT,450,Health Statistics,2
HIT,522,HIT Prof Prac Exp I,3
HIT,524,HIT Prof Practice Exp II,3
HSC,128,Anatomy & Phys for Allied,3
MAP,220,Medical Administrative Proc,3
MAP,547,Professional Practice Exp,3
HSC,101,Emergency Care,1
HSC,105,Intro to Health Occupations,1
HSC,109,Explore Hlth Career/Bldg Team,3
HSC,114,Medical Terminology,3
HSC,159,ESL Prep for Healthcare Educ.,3
HSC,172,Nurse Aide,3
HSC,182,Advanced Nurse Aide,3
HSC,183,CCDI-Dementia Illness Training,1
HSC,231,Medical Science Observation I,2
HSC,232,Medical Science Observation II,2
HSC,240,Human Nutrition,3
HSC,281,Limited Radiology,5
HSC,300,Med Term for Health Sciences,2
HCR,253,Residential Heating & AC,5
HCR,256,Applied Heating & AC,5
HCR,260,HVAC Trade Skills I,3
HCR,270,Advanced Heating & AC,5
HCR,290,Commercial HVAC/Refrigeration,5
HCR,307,Fundamentals of Refrigeration,5
HCR,404,Electricity,5
HCR,440,Electrical Controls & Circuits,5
HCR,506,Air Distribution,3
HCR,515,Sheet Metal Fabrication,3
HCR,717,Blueprint Reading,3
HCR,803,Environmental Controls,5
HCR,840,Computer Load Calculations,2
HCR,932,Internship,4
HIS,110,West Civ: Ancient to Early Mo,3
HIS,111,Western Civilization: Early..,3
HIS,151,U.S. History to 1877,3
HIS,152,U.S. History Since 1877,3
HIS,201,Iowa History,3
HIS,211,Modern Asian History,3
HIS,214,Russian History and Culture,3
HIS,249,Study Abroad: Brit Life & Culture,3
HIS,257,African-American History,3
HIS,274,Womens History: United State,3
HIS,280,Family History Research,3
HON,100,Introduction to Honors,2
HON,200,Honors Capstone,2
HCM,100,Sanitation & Safety,2
HCM,110,Baking (lab),2
HCM,116,Fundamentals of Baking,3
HCM,124,Advanced Baking,2
HCM,143,Food Preparation I,3
HCM,144,Food Preparation I Lab,3
HCM,152,Food Preparation II,2
HCM,153,Food Preparation II Lab,2
HCM,167,Culinary Skills Development,3
HCM,168,Advanced Culinary Cuisine,2
HCM,170,Culinary Cuisine Lab,3
HCM,172,International Cuisine (lab),3
HCM,173,International Cuisine,2
HCM,175,International Cuisine Lab II,3
HCM,200,Dining Room Service,2
HCM,210,Dining Management,2
HCM,215,Fine Dining Experience 2 Lab,2
HCM,224,Artisan Breads,2
HCM,231,Nutrition,2
HCM,240,Menu Planning & Design,2
HCM,250,Purchasing,2
HCM,270,Garde Manger,2
HCM,300,Beverage Management,2
HCM,320,Intro to Hospitality Industry,2
HCM,347,International Pastries,2
HCM,510,Work Experience,3
HCM,514,Plated Desserts,2
HCM,515,Chocolate and Sugar,2
HCM,516,Cake Decorating,2
HCM,550,Food and Wine Seminar,3
HCM,600,Intro to Lodging Operations,2
HCM,604,Hotel Service Internship,5
HCM,605,Hotel Administration,2
HSV,109,Intro to Human Services,3
HSV,130,Interviewing/Interper Relation,3
HSV,135,Womens Issues,3
HSV,185,Discrimination and Diversity,3
HSV,220,Intro to Counseling Theories,3
HSV,255,Addictive Disease Concepts,3
HSV,286,Intervention Theories/Prac I,3
HSV,803,Seminar,1
HSV,804,Internship,2
HUM,116,Encounters in Humanities,3
HUM,120,Introduction to Film,3
HUM,121,America in the Movies,3
HUM,249,Study Abroad: BritLife & Culture,3
IND,124,Control Systems Overview,2
IND,144,Pump Overhaul and Repair,4
IND,146,Mech Power Transmission I,3
IND,147,Mechanical Power Trans II,4
IND,901,Technical Internship I,5
IND,902,Technical Internship II,5
IND,903,Technical Internship III,5
IND,904,Technical Internship IV,5
INF,110,Fundamental Informatics,3
PEV,115,Varsity Baseball,1
PEV,121,"Varsity Basketball, Men",1
PEV,122,"Varsity Basketball, Women",1
PEV,130,Varsity Cross Country,1
PEV,140,Varsity Golf,1
PEV,160,Varsity Softball,1
PEV,170,Varsity Volleyball,1
PEV,190,Varsity Spirit Squad,1
INT,114,Interior Design Mat.& Finish,3
INT,124,Interior Design Analysis,3
INT,125,Interior Design Planning,3
INT,128,Historical Interiors & Arch.,3
INT,136,Lighting,3
INT,201,CAD REVIT for Interior Design,3
INT,212,Residential I,3
INT,213,Commercial I,3
INT,222,Residential II,3
INT,223,Commercial II,3
INT,262,Interior Codes & Building Str,3
ITR,101,Intro Interpret & Translation,3
ITR,102,Tools Interpret & Translate,3
ITR,103,Fund of Interpretation,3
ITR,104,Fundamentals of Translation,3
ITR,109,Interp/Trans Ethics I,3
ITR,209,Interp/Trans Ethics II,3
ITR,271,Healthcare Term & Sight Trans,3
ITR,273,Healthcare Interpretation I,3
ITR,274,Healthcare Interpretation II,3
ITR,277,Healthcare Translation,3
ITR,291,Judiciary Term & Sight Trans,3
ITR,293,Judiciary Interpretation I,3
ITR,294,Judiciary Interpretation II,3
ITR,297,Judiciary Translation,3
ITR,871,Healthcare I/T Internship,3
ITR,891,Judiciary I/T Internship,3
ITR,910,Emphasis Seminar,3
JOU,110,Intro to Mass Media,3
JOU,113,"Gender, Sexuality and Media",3
JOU,114,Diversity and the Media,3
JOU,115,Introduction to Journalism,3
JOU,121,Newswriting and Reporting,3
JOU,122,Intro to News Production,3
JOU,124,Digital Media Production,3
JOU,130,Intro to Audio Production,3
JOU,142,News Practicum I,2
JOU,143,News Practicum II,2
JOU,163,News Media and Politics,3
JOU,165,Principles of Advertising,3
JOU,167,Principles of PR,3
JOU,242,News Practicum III,2
JOU,243,News Practicum IV,2
SRV,110,Survey Drafting,3
SRV,120,US Public Lands Survey System,5
SRV,210,Safety in the Work Environment,1
SRV,215,Intro to Land Information Sys,2
SRV,220,Boundary Surveying,3
SRV,225,Surveying Ethics,2
SRV,230,Land Subdivision,3
SRV,235,Introduction to Geodesy,5
SRV,240,Boundary Law,4
SRV,305,Field Coop,5
LIT,101,Intro to Literature,3
LIT,105,Childrens Literature,3
LIT,110,Amer Literature to Mid 1800s,3
LIT,111,Amer Lit Since Mid 1800s,3
LIT,130,African-American Literature,3
LIT,142,Major British Writers,3
LIT,150,World Literature I,3
LIT,151,World Literature II,3
LIT,166,Science Fiction,3
LIT,180,Mythology,3
LIT,185,Contemporary Literature,3
LIT,188,Detective Fiction,3
LIT,190,Women Writers,3
LIT,193,Humor in Literature,3
LIT,209,Literature Film Adaptation,3
LIT,210,The Graphic Novel,3
MGT,101,Principles of Management,3
MGT,128,Organizational Behavior,3
MGT,130,Principles of Supervision,3
MGT,145,Human Relations in Management,3
MGT,147,Leadership Development,3
MGT,164,Total Quality Management,3
MGT,170,Human Resource Management,3
MGT,174,Training and Employee Dev,3
MGT,190,Employee Comp & Benefit Mgt,3
MGT,260,Intro to Business Logistics,3
MGT,266,Prin of Supply Chain Mgt.,3
MGT,800,Business Internship I,4
MGT,802,Bus. Internship Seminar I,2
MFG,105,Machine Shop Measuring,3
MFG,121,Machine Trade Printreading I,2
MFG,132,Machine Trade Printreading II,3
MFG,140,Geometric Dimension/Tolerance,1
MFG,152,Rel Weld Blueprint-Mfg Tech,1
MFG,171,Manufacturing Welding I,2
MFG,172,Related Welding-Indust Maint,3
MFG,199,Intro to Safety Science,3
MFG,250,Engine Lathe Theory,1
MFG,251,Engine Lathe Operations Lab,2
MFG,252,Engine Lathe Theory II,2
MFG,253,Engine Lathe Operations Lab II,3
MFG,260,Mill Operations Theory,1
MFG,261,Milling Operations Lab,2
MFG,270,Grinders Theory,1
MFG,271,Grinders Lab,3
MFG,273,Mill Operations II,2
MFG,274,Mill Operations Lab II,3
MFG,276,Hand & Bench Machine Tools,1
MFG,290,Heat Treatments,1
MFG,337,CNC Mill Programming Theory,2
MFG,338,CNC Mill Setup and Oper Lab,1
MFG,340,Basic Lathe Operation,1
MFG,341,Vertical Mill Operation,1
MFG,354,CNC Lathe Setup and Oper Lab,1
MFG,356,CNC Lathe Programming Theory,2
MFG,381,EDM Fundamentals,3
MFG,402,Basic Die Making Theory,4
MFG,403,Basic Die Making Lab,6
MFG,411,Progressive Die Design,3
MFG,412,Advanced Die Making Theory,4
MFG,413,Advanced Diemaking Lab,6
MFG,414,Intro to Tool Design,3
MFG,452,Moldmaking,3
MFG,502,Intro Statistical Process Cntl,3
MFG,510,Practices-Continuous Improve,3
MFG,512,Intro Quality Control Mgmt.,3
MFG,521,Measuring Devices-SPC,1
MFG,522,Appl of Statistical Methods,3
MFG,523,Controlling Mfg Business Costs,2
MFG,524,PM & Diagnosing Mech/Elec Sys,3
MFG,818,IMT Internship,5
MFG,932,Internship,4
MKT,110,Principles of Marketing,3
MKT,115,Business-to-Business Marketing,3
MKT,121,Digital Marketing,3
MKT,131,Social Media Marketing,3
MKT,135,Content Marketing,3
MKT,140,Selling,3
MKT,145,Sales Management,3
MKT,150,Principles of Advertising,3
MKT,160,Principles of Retailing,3
MKT,182,Customer Relationship Mgmt,3
MKT,184,Customer Service,3
MMS,208,Sound for Film and Video,3
MMS,217,Sound for Film and Video II,3
MMS,237,Producing & Directing Techniq,3
MMS,322,Color Correction and Grading,3
MMS,473,Motion Graphics and Spl Effec,3
MMS,480,Video Production I,3
MMS,481,Video Production II,3
MMS,482,Video Production III,3
MMS,484,Premiere/Video Editing I,3
MMS,485,Video Production IV,3
MMS,486,Premiere/Video Editing II,3
MAT,34,Arithmetic,3
MAT,53,Pre-Algebra,4
MAT,63,Elementary Algebra,4
MAT,64,College Prep Math,4
MAT,73,Elementary Algebra II,4
MAT,93,Math Study Skills,1
MAT,110,Math for Liberal Arts,3
MAT,114,Elementary Educators Math I,3
MAT,116,Elementary Educators Math II,3
MAT,121,College Algebra,4
MAT,129,Precalculus,5
MAT,130,Trigonometry,3
MAT,141,Finite Math,4
MAT,148,Linear Algebra w/Applications,4
MAT,157,Statistics,4
MAT,160,Statistical Business Appl.,2
MAT,162,Prin. of Business Statistics,4
MAT,164,Calculus for Busn/Social Sci,4
MAT,211,Calculus I,5
MAT,217,Calculus II,5
MAT,219,Calculus III,4
MAT,227,Diff Equations with Laplace,4
MAT,772,Applied Math,3
MAT,773,Applied Math II,3
MAT,900,Field Studies in Actuarial Science,4
MAP,106,Medical Office Essentials,2
MAP,110,Medical Office Management I,2
MAP,118,Medical Office Management II,4
MAP,129,Medical Terminology,1
MAP,141,Medical Insurance,3
MAP,150,Adv. Medical Billing/Coding,3
MAP,155,Medical Coding Certification Preparation,2
MAP,160,HIPAA Exam Preparation,1
MAP,225,Med Lab Procedures I,4
MAP,228,Med Lab Procedures II,3
MAP,255,Diagnostic Radiography I,3
MAP,256,Diagnostic Radiography II,1
MAP,264,Limited Radiography I,4
MAP,265,Limited Radiography II,2
MAP,347,Medical Office Procedures I,3
MAP,348,Medical Office Procedures II,3
MAP,423,Professional Development,3
MAP,532,Human Body-Health & Disease,3
MAP,544,Human Body-Health & Disease I,4
MAP,550,Health & Disease:Human Body I,3
MAP,551,Health & Disease:Human BodyII,3
MAP,554,Human Body-Health & Disease II,4
MAP,603,Employment Seminar,1
MAP,606,Professional Development III,1
MAP,624,Practicum,5
MAP,650,Industry Specific Practicum,3
MAP,806,Internship Sem. Medical Office,1
MAP,807,Internship Medical Office Spec,2
MLT,115,Clinical Lab Fundamentals,3
MLT,120,Urinalysis,3
MLT,180,Clinical Practicum I,1
MLT,232,Adv. Hematology & Coagulation,5
MLT,242,Clinical Chemistry,8
MLT,251,Clinical Microbiology,6
MLT,261,Immunohematology,5
MLT,270,Immunology & Serology,2
MLT,289,Adv. Clinical Lab Practicum,9
MLT,292,Clinical Lab Professional & Re,3
MOR,215,Funeral Law I,3
MOR,301,Intro to Funeral Service,1
MOR,302,Cremation Services,2
MOR,315,Funeral Law II,3
MOR,320,Thanatology,3
MOR,323,Funeral Directing I,2
MOR,324,Funeral Home Operations I,1
MOR,331,Funeral Home Management,2
MOR,333,Funeral Directing II,3
MOR,334,Funeral Home Operations II,1
MOR,335,Embalming I,3
MOR,336,Embalming I Clinical,1
MOR,340,Embalming II,3
MOR,341,Embalming II Clinical,1
MOR,345,Restorative Art,3
MOR,365,Survey of Infectious Diseases,2
MOR,366,Funeral Pathology,2
MOR,390,Professional Review,2
MOR,940,Funeral Capstone,1
MOR,941,Practicum,4
MUA,101,Applied Voice,1
MUA,120,Applied Piano,1
MUA,147,Applied Instrumental,1
MUS,100,Music Appreciation,3
MUS,102,Music Fundamentals,3
MUS,106,Music Theory I,4
MUS,107,Music Theory II,4
MUS,143,Concert Choir,3
MUS,202,World Music,3
MUS,204,History of Rock and Roll,3
MUS,205,Jazz History and Appreciation,3
MUS,275,Chamber Ensemble,3
MUS,329,Medieval-Renaiss. His/Theory,4
MUS,337,20th Century Music His/Theory,4
OPT,110,Ophthalmic Pretesting,2
OPT,112,Ophthalmic Specialty Testing,3
OPT,120,Basic Optical Concepts/Optics,3
OPT,123,Ocular Anatomy and Physiology,2
OPT,130,Ophthalmic Dispensing I,2
OPT,132,Ophthalmic Dispensing II,2
OPT,140,Contact Lenses,3
OPT,803,Preclinical,1
OPT,818,Clinical Externship,8
PRL,102,Intro to Paralegal Studies,3
PRL,103,Introduction to Law,3
PRL,104,Legal Tech and eDiscovery,3
PRL,105,Legal Ethics,1
PRL,112,Legal Research & Writing I,3
PRL,113,Legal Research & Writing II,3
PRL,125,Evidence: Theory & Practice,3
PRL,135,Civil Litigation and Pro,3
PRL,138,Bankruptcy Law,3
PRL,139,Torts and Personal Injury,3
PRL,143,Business Organization Law,3
PRL,151,Real Estate Law,3
PRL,155,Insurance Law and Reg Compl,3
PRL,156,Intellectual Property Law,3
PRL,161,Family Law,3
PRL,167,Probate Procedure,3
PRL,171,Administrative Law,3
PRL,174,Contracts,3
PRL,183,Employment Law,3
PRL,184,Alternative Dispute Res,3
PRL,188,Immigration Law,3
PRL,192,Criminal Law and Procedure,3
PRL,195,Environmental Law,2
PRL,220,Special Legal Topics,2
PRL,222,Construction Law and Bonds,2
PRL,223,Elder and Health Law,2
PRL,932,Internship,3
PHR,180,Pharmacy Technician Orientation and Law,3
PHR,181,Pharmacy Operations I with lab,4
PHR,182,Pharmacy Operations II w/lab,4
PHR,183,Pharmacy Calculations and Compounding w/lab,4
PHR,185,Pharmacology,4
PHR,803,Pharmacy Technician Internship I,2
PHR,804,Pharmacy Technician Internship II,2
PHI,101,Introduction to Philosophy,3
PHI,105,Introduction to Ethics,3
PHI,111,Basic Reasoning,3
PHB,113,Principles of Phlebotomy,3
PHB,280,Phlebotomy,2
PEA,102,Aerobic Fitness I,1
PEA,110,Badminton I,1
PEA,117,Bowling I,1
PEA,134,Golf I,1
PEA,144,Physical Fitness and Condition,2
PEA,146,Physical Fitness I,1
PEA,164,Swimming I,1
PEA,174,Tennis I,1
PEA,176,Volleyball I,1
PEA,184,Water Safety Inst/Lifeguard Tr,3
PEA,187,Weight Training I,1
PEA,234,Golf II,1
PEA,248,Adv. Strength & Conditioning,2
PEA,284,Advanced Lifesaving,1
PEH,102,Health,3
PEH,110,Personal Wellness,2
PEH,120,Principles Personal Training I,3
PEH,125,Prin Personal Training II,3
PEH,141,First Aid,2
PEH,162,Intro to Physical Education,3
PEH,178,Sports Diversity,3
PEH,190,Sports Nutrition,2
PEH,255,Principles-Sports Management,3
PEH,262,Wellness Prog/Planning/Organiz,3
PEH,266,Leadership Tech Fitness Prog,3
PEH,920,Field Experience,2
PET,110,Intro to Athletic Training,2
PHS,152,Astronomy,4
PHS,166,"Meteorology, Weather & Climate",4
PHY,106,Survey of Physics,4
PHY,160,General Physics I,5
PHY,161,General Physics II,5
PHY,213,Classical Physics I,6
PHY,223,Classical Physics II,6
PHY,710,Technical Physics,3
POL,111,American National Government,3
POL,112,Amer State & Local Government,3
POL,121,International Relations,3
POL,125,Comparative Govt & Politics,3
POL,129,Politics of Terrorism,3
POL,163,News Media and Politics,3
POL,171,Intro to Public Administration,3
PNN,140,Introduction to Professional Practical Nursing,2
PNN,150,Practical Nursing Concepts I,5
PNN,151,Fundamentals of Nursing,4
PNN,152,Nursing Practice I,4
PNN,153,Success in Nursing,2
PNN,250,Practical Nursing Concepts II,4
PNN,260,Practical Nursing Concepts III,6
PNN,351,Practical Nursing Roles,1
PNN,605,Nursing Practice II,5
PNN,606,Nursing Practice III,5
PSY,102,Human and Work Relations,3
PSY,111,Introduction to Psychology,3
PSY,121,Developmental Psychology,3
PSY,140,Exploring Mental Health,3
PSY,172,Stress & Stress Management,3
PSY,241,Abnormal Psychology,3
PSY,251,Social Psychology,3
PSY,261,Human Sexuality,3
PSY,281,Educational Psychology,3
PSY,291,Prin. of Behavior Modification,3
RRO,101,Railcar Safety,2
RDG,38,College Preparatory Reading I,3
RDG,39,College Preparatory Reading II,3
RDG,49,College Reading II,3
RDG,163,Speed Reading,3
CRC,100,Machine Shorthand Theory I,6
CRC,102,Machine Shorthand Skills/Techniques I,2
CRC,130,Machine Shorthand Theory II,6
CRC,132,Machine Shrthnd Skill/Tech II,2
CRC,150,Intro to Realtime Tech,3
CRC,160,Intro to Speed Development,6
CRC,165,Realtime Punct and Proof,3
CRC,175,Realtime Tech Applications,3
CRC,180,Single-voice Speed Dev I,3
CRC,183,Multi-voice Speed Dev I,4
CRC,190,Realtime Court Reprtg Proc I,4
CRC,195,Realtime Medical Terminology,3
CRC,220,Single-voice Speed Dev II,3
CRC,223,Multi-voice Speed Dev II,4
CRC,230,Realtime Court Reprtg Proc II,4
CRC,250,Single-voice Speed Dev III,3
CRC,253,Multi-voice Speed Development,4
CRC,275,Internship,3
REL,101,Survey of World Religions,3
REL,130,Intro Religions of the East,3
REL,140,Religion in the United States,3
REL,150,Introduction to the Bible,3
RCP,100,Intro to Respiratory Care,3
RCP,110,Respiratory Care Introduction,4
RCP,240,Respiratory Therapeutics,4
RCP,250,Cardio/Pulmonary Therapeutics,4
RCP,360,Cardio/Pulmonary Renal Pathop,5
RCP,400,Resp Therapy Pharmacology,3
RCP,401,Airway Pharmacology,2
RCP,405,Respiratory Care Diagnostics,2
RCP,410,Cardio/Pulmonary Diagnostics,3
RCP,500,Advanced Respiratory Therapy,5
RCP,501,Advanced Respiratory Therapy,4
RCP,601,Neonatal/Ped Resp Therapy,4
RCP,605,Neo/Peds Respiratory Care,3
RCP,640,Introduction to Sleep Medicine,2
RCP,645,Sleep Medicine I,3
RCP,650,Sleep Medicine II,3
RCP,700,Resp Therapy Practicum I,4
RCP,701,Respiratory Care Clinic I,3
RCP,702,Respiratory Care Clinic II,4
RCP,703,Respiratory Care Clinic III,6
RCP,704,Respiratory Care Clinic IV,8
RCP,705,Resp Therapy Practicum II,5
RCP,710,Resp Therapy Practicum III,7
RCP,715,Resp Therapy Practicum IV,7
RCP,720,Resp Therapy Practicum V,5
RCP,770,Sleep Practicum I,2
RCP,775,Sleep Practicum II,2
RCP,780,Sleep Practicum III,2
RCP,800,Resp Therapy Mgmt & Ethics,3
RCP,805,Comprehensive Resp Care,2
SOC,110,Introduction to Sociology,3
SOC,115,Social Problems,3
SOC,120,Marriage & Family,3
SOC,165,Group Dynamics,3
SOC,200,Minority Group Relations,3
SOC,225,Social Gerontology/Appl,4
SOC,226,Issues in Aging,2
SOC,282,Environmental Sociology,3
SPC,101,Fund of Oral Communication,3
SPC,120,Intercultural Communication,3
SPC,122,Interpersonal Communication,3
SPC,126,Interpersonal & Small Group Comm,3
SPC,170,Professional Communication,3
SDV,108,The College Experience,1
SDV,115,Study Strategies,2
SDV,157,Building a Professional Portfo,1
SDV,164,Electronic Portfolio Dev,2
SDV,165,Transfer Planning,1
SDV,171,Library Instruction,1
SDV,197,SAC Experience,1
SDV,212,Coop Career Seminar,1
SDV,222,Coop Career Experience I,1
SDV,223,Coop Career Experience II,2
SDV,224,Coop Career Experience III,3
SDV,225,Coop Career Experience IV,4
SDV,226,Coop Career Experience V,5
SDV,227,Coop Career Experience VI,6
SDV,288,Leadership Development Studies,3
SUR,105,Central Supply/Sterile Pro.,3
SUR,109,Lab Practicum I,1
SUR,130,Intro to Surgical Technology,2
SUR,140,Fundamentals of Surgical Tech,5
SUR,150,Med Terminology for Surg Tech,2
SUR,200,Surg Procedures/Techniques I,5
SUR,202,Surg Procedures/Techniques II,3
SUR,205,Surg Procedures/Techniques II,5
SUR,420,Pharmacology for Surg Tech.,2
SUR,805,Clinical Practicum I,5
SUR,810,Clinical Practicum II,5
SUR,811,Clinical Practicum II,7
SUR,910,Certification Review I,2
TEL,111,Basic Electricity/Electronic I,3
TEL,112,Basic Electricity/Electron. II,2
TEL,116,Electronic Circuits,2
TEL,118,Semiconductor Devices,3
TEL,210,Telecommunications I,3
TEL,213,Introduction Telephony Lab,3
TEL,220,Telecommunications II,4
TEL,222,Telecom Outside Plant,4
TEL,223,Telecom Transport Lab,3
TEL,230,Advanced Topics in Telecom,4
TEL,232,Data Communications,3
TEL,233,Adv Topics in Telecom Lab,3
TEL,240,Telecommunications Management,3
TEL,243,Internetworking Lab,3
WAT,100,Water and Wastewater Operator Math,2
WAT,101,Water and Wastewater Basic Science,3
WAT,102,Water and Wastewater Maintenance,4
WAT,111,WW Treatment 30-Hour,2
WAT,112,WW Treatment Lab,1
WAT,113,WW Treat Math Anly/Equip,4
WAT,114,Technical Internship I,5
WAT,115,15 Hr. WW T Activated Sludge,1
WAT,121,Water Treatment 30-Hour,2
WAT,122,Water Treatment Lab,1
WAT,123,"WAT Treatment Math, Analysis",4
WAT,124,Technical Internship II,5
WAT,125,15 Hr Surface Water Treatment,1
WAT,131,Technical Internship III,5
WAT,210,Wastewater Treatment: Indus,4
WAT,211,Industrial Pretreatment Processes,2
WAT,241,Water Distribution 30-Hour,2
WAT,242,Water Distribution Lab,1
WAT,243,"Water Distribution Math, Lab",4
WAT,244,Technical Internship IV,5
WAT,251,WW Collection 30-Hour,2
WAT,252,WW Collection Lab,1
WAT,253,"WW Collection Math, Lift/Equi",4
WAT,254,Technical Internship V,5
WAT,302,30 Hr. Grade 3&4 WW T Exam Pr,2
WAT,304,Water Treatment I,4
WAT,306,Wastewater Collection Systems,4
WAT,307,Wastewater Treatment I,4
WAT,308,Wastewater Analysis,3
WAT,309,Water Distribution Systems I,4
WAT,310,Wastewater Collection Systems I,4
WAT,311,Wastewater Treatment II,4
WAT,312,Water Treatment II,4
WAT,313,Water Distribution Systems II,4
WAT,314,Wastewater Collection Systems II,4
WAT,315,30 Hr. Grade 3&4 Water T Exam,2
WAT,330,Water and Wastewater Analysis,4
WAT,351,Wastewater Treatment III,4
WAT,352,Water Treatment III,4
WAT,401,Water and Wastewater Mgt.,2
WAT,410,Advanced Water Resource Recovery,3
WAT,411,Advanced Wastewater Treatment,3
WAT,412,Advanced Water Treatment,3
WAT,932,Internship,3
WDV,101,Intro HTML and CSS,3
WDV,130,Intro Photoshop for Web,3
WDV,150,E-Commerce,3
WDV,151,Intro Web Design,3
WDV,205,Advanced CSS,3
WDV,221,Intro Javascript,3
WDV,240,Intro WordPress,3
WDV,245,Content Management Systems I,3
WDV,261,Intro Flash,3
WDV,321,Advanced Javascript,3
WDV,331,Dreamweaver Applications,3
WDV,341,Intro PHP,3
WDV,351,Website Application Components,3
WDV,441,Advanced PHP,3
WDV,445,Content Management Systems II,3
WDV,446,Intro Drupal,3
WDV,490,Website Applications Seminar,3
WDV,495,Emerging Technologies Seminar,3
WDV,521,Intro Ajax,3
WDV,541,PHP Seminar,3
WDV,932,Web Development Internship,3
WEL,208,Intro to Fabrication,2
WEL,228,Welding Safety/Health: SENSE1,1
WEL,233,Print Read/Sym Inter: SENSE1,3
WEL,236,Advanced Arc Welding I (GMAW),2
WEL,237,Advanced Arc Welding II (GMAW,3
WEL,238,Adv Arc I GMAW Unlimited,2
WEL,239,Adv Arc II GMAW Unlimited,3
WEL,244,GMAW Sh Cir Transfer: SENSE1,2
WEL,245,GMAW Spray Transfer: SENSE1,2
WEL,246,Adv Arc Welding I (GMAW) Alum,2
WEL,247,Adv Arc Welding II (GMAW) Alum,3
WEL,248,Adv Arc I GMAW Alum Unlimited,2
WEL,249,Adv Arc II GMAW Alum Unlimite,3
WEL,251,GTAW Carbon Steel: SENSE1,2
WEL,252,GTAW Aluminum: SENSE1,1
WEL,253,GTAW Stainless Steel: SENSE1,1
WEL,254,Inspection/Test Princ: SENSE1,1
WEL,255,Welding Inspection,4
WEL,262,OFC-I Manual & Mech: SENSE1,2
WEL,266,Thermal Cutting Processes II,1
WEL,274,SMAW 1: SENSE1,3
WEL,275,SMAW II: SENSE1,3
WEL,280,FCAW Self-Shielded: SENSE1,2
WEL,281,FCAW Gas Shielded: SENSE1,2
WEL,282,Advanced Arc Welding I (FCAW),2
WEL,283,Advanced Arc Welding II (FCAW),3
WEL,284,Adv Arc I FCAW Unlimited,2
WEL,285,Adv Arc II FCAW Unlimited,3
WEL,341,Fabrication I,6
WEL,342,Fabrication II,6
WEL,710,Robotic Welding,3
WTT,103,Introduction to Wind Energy,3
WTT,114,Field Training & Project Oper,5
WTT,133,Wind Turbine Mechanical Sys,3
WTT,216,Power Generation/Transmission,3
WTT,223,Airfoils and Composite Repair,3
WTT,245,Electrical Practical App,4
WTT,247,Controls & Troubleshooting,4
WBL,100,Exploring Careers,1
WBL,110,Employability Skills,2
WBL,150,Job Shadowing,1
